,season,round,home_team,away_team,home_win,draw,away_win,home_prob_total_wins,home_prob_total_draws,home_prob_total_loses,prob_total_home_wins,prob_total_home_draws,prob_total_home_loses,home_avg_total_goles_scored,home_avg_total_goles_conceded,avg_total_home_goles_scored,avg_total_home_goles_conceded,home_avg_total_points,avg_total_home_points,home_team_form,away_prob_total_wins,away_prob_total_draws,away_prob_total_loses,prob_total_away_wins,prob_total_away_draws,prob_total_away_loses,away_avg_total_goles_scored,away_avg_total_goles_conceded,avg_total_away_goles_scored,avg_total_away_goles_conceded,away_avg_total_points,avg_total_away_points,away_team_form,draw_0_proba,draw_1_proba
0,2020,26,portimonense,benfica,0,0,0,0.12,0.4,0.48,0.17,0.5,0.33,0.68,1.36,0.75,1.0,0.76,1.0,-0.36,0.76,0.12,0.12,0.83,0.08,0.08,2.08,0.56,2.0,0.58,2.4,2.58,0.64,0.7044318856266323,0.29556811437336766
1,2020,26,braga,boavistaporto,0,0,0,0.56,0.16,0.28,0.58,0.25,0.17,1.72,1.16,1.83,1.25,1.84,2.0,0.28,0.28,0.32,0.4,0.33,0.33,0.33,0.76,0.96,0.67,0.83,1.16,1.33,-0.12,0.730737032197861,0.26926296780213904
2,2020,26,tondela,cdaves,0,0,0,0.24,0.32,0.44,0.08,0.42,0.5,0.8,1.2,0.58,1.25,1.04,0.67,-0.2,0.16,0.04,0.8,0.08,0.08,0.83,0.92,1.96,1.0,2.33,0.52,0.33,-0.64,0.799941130804928,0.20005886919507196
3,2020,26,vicente,fcfamalicao,0,0,0,0.28,0.36,0.36,0.33,0.5,0.17,1.0,1.2,1.25,1.08,1.2,1.5,-0.08,0.44,0.28,0.28,0.33,0.33,0.33,1.6,1.64,1.25,1.58,1.6,1.33,0.16,0.7449879715068957,0.25501202849310434
4,2020,26,sporting,ferreira,0,0,0,0.52,0.16,0.32,0.67,0.0,0.33,1.56,1.12,1.58,1.0,1.72,2.0,0.2,0.28,0.16,0.56,0.25,0.17,0.58,0.84,1.44,0.92,1.83,1.0,0.92,-0.28,0.7829817542419737,0.21701824575802633
5,2020,26,belenenses,guimaraes,0,0,0,0.32,0.2,0.48,0.33,0.17,0.5,0.84,1.52,0.75,1.58,1.16,1.17,-0.16,0.4,0.32,0.28,0.33,0.42,0.25,1.68,1.08,1.67,1.25,1.52,1.42,0.12,0.7340825040136276,0.2659174959863723
6,2020,26,porto,madeira,0,0,0,0.76,0.12,0.12,0.83,0.08,0.08,2.04,0.72,2.17,0.5,2.4,2.58,0.64,0.2,0.4,0.4,0.17,0.33,0.5,0.92,1.32,0.5,1.33,1.0,0.83,-0.2,0.8098129960790725,0.19018700392092752
7,2020,26,moreirense,rioave,0,0,0,0.32,0.36,0.32,0.5,0.25,0.25,1.4,1.28,1.67,1.25,1.32,1.75,0.0,0.4,0.32,0.28,0.5,0.25,0.25,1.36,1.04,1.33,0.92,1.52,1.75,0.12,0.7113215726822915,0.2886784273177086
8,2020,26,setubal,santaclara,0,0,0,0.24,0.44,0.32,0.25,0.5,0.25,0.72,1.12,0.58,0.92,1.16,1.25,-0.08,0.36,0.24,0.4,0.33,0.33,0.33,0.88,1.12,0.83,0.92,1.32,1.33,-0.04,0.6902350211723165,0.3097649788276835
